hour,load_kw,pv_available_kw,pv_used_kw,curtailed_kw,grid_kw,grid_q_kvar,battery_charge_kw,battery_discharge_kw,battery_kw,battery_q_kvar,soc_kwh,soc_pct,shed_kw,shed_by_bus_kw,pv_by_bus_kw,grid_limit_kw,price,predicted_min_voltage_pu,predicted_max_line_loading_pct,stage_cost,active_security_constraints,contingency_actions
0,1411.7,0.0,0.0,0.0,1925.103444939371,487.40344493937175,513.4034449393716,0.0,-513.4034449393716,386.5965550606284,1927.733272692403,80.3222196955168,0.0,{},"{'6': 0.0, '18': 0.0, '30': 0.0}",2900.0,0.36,0.955,22.640775596294446,721.274429649839,[],[]
1,1337.3999999999999,0.0,0.0,0.0,1337.3999999999999,1090.8998769442787,0.0,0.0,0.0,-262.8998769442788,1927.733272692403,80.3222196955168,0.0,{},"{'6': 0.0, '18': 0.0, '30': 0.0}",2900.0,0.36,0.955,19.67701212429847,481.46399999999994,[],[]
2,1300.25,0.0,0.0,0.0,1300.25,1082.0182866268547,0.0,0.0,0.0,-277.01828662685466,1927.733272692403,80.3222196955168,0.0,{},"{'6': 0.0, '18': 0.0, '30': 0.0}",2900.0,0.36,0.955,19.285726200238724,468.09,[],[]
3,1300.25,0.0,0.0,0.0,1300.25,1082.0182866268547,0.0,0.0,0.0,-277.01828662685466,1927.733272692403,80.3222196955168,0.0,{},"{'6': 0.0, '18': 0.0, '30': 0.0}",2900.0,0.36,0.955,19.285726200238724,468.09,[],[]
4,1374.55,0.0,0.0,0.0,1374.55,1099.7814672617108,0.0,0.0,0.0,-248.78146726171082,1927.733272692403,80.3222196955168,0.0,{},"{'6': 0.0, '18': 0.0, '30': 0.0}",2900.0,0.36,0.955,20.07011891167321,494.83799999999997,[],[]
5,1523.1499999999999,28.0,28.0,0.0,1739.6412919027334,854.815347065088,244.49129190273365,0.0,-244.49129190273365,88.1846529349119,2160.0,90.0,0.0,{},"{'6': 10.0, '18': 9.0, '30': 9.0}",2900.0,0.36,0.955,22.098856648103695,639.7178861396344,[],[]
6,1746.05,140.0,140.0,0.0,1606.05,1265.4059613659754,0.0,0.0,0.0,-184.40596136597543,2160.0,90.0,0.0,{},"{'6': 50.0, '18': 45.0, '30': 45.0}",2900.0,0.52,0.955,23.311355156762065,835.146,[],[]
7,1931.8,350.0,350.0,0.0,1581.8,1244.9333929469922,0.0,-0.0,-0.0,-48.93339294699217,2160.0,90.0,0.0,{},"{'6': 125.0, '18': 112.5, '30': 112.5}",2900.0,0.68,0.9654714507747307,22.949738191284098,1075.624,['SC-10'],"[{'constraint_id': 'SC-10', 'outage_line': 'L29-30', 'restoration': 'T18-33', 'restoration_type': 'tie_line', 'battery_up_kw': 0.0, 'battery_down_kw': 0.0, 'battery_q_delta_kvar': 1.7053025658242404e-13, 'grid_up_kw': 0.0, 'demand_response_kw': 0.0}]"
8,2043.2500000000002,630.0,630.0,0.0,1413.25,1605.2887521603138,0.0,0.0,0.0,-340.28875216031383,2160.0,90.0,0.0,{},"{'6': 225.0, '18': 202.5, '30': 202.5}",2900.0,0.68,0.955,24.383977998815418,961.0100000000001,[],[]
9,2080.4,910.0,910.0,0.0,1170.4,1767.7875243376866,0.0,-0.0,-0.0,-479.7875243376863,2160.0,90.0,0.0,{},"{'6': 325.0, '18': 292.5, '30': 292.5}",2900.0,0.68,0.955,24.17164026800795,795.8720000000001,[],[]
10,2043.2500000000002,1148.0,1148.0,0.0,895.2500000000001,1889.4805386012144,0.0,-0.0,-0.0,-624.4805386012144,2160.0,90.0,0.0,{},"{'6': 410.0, '18': 369.0, '30': 369.0}",2900.0,0.68,0.955,23.837809492552466,608.7700000000001,[],[]
11,2006.1000000000001,1316.0,1316.0,0.0,690.1000000000001,1972.7692573997494,0.0,-0.0,-0.0,-730.7692573997497,2160.0,90.0,0.0,{},"{'6': 470.0, '18': 423.0, '30': 423.0}",2900.0,0.68,0.955,23.82812127949399,469.26800000000014,[],[]
12,1968.95,1400.0,1400.0,0.0,568.95,2009.9728216403066,0.0,-0.0,-0.0,-790.9728216403066,2160.0,90.0,0.0,{},"{'6': 500.0, '18': 450.0, '30': 450.0}",2900.0,0.68,0.955,24.409666923188514,386.8860000000001,[],[]
13,2006.1000000000001,1316.0,1316.0,0.0,690.1000000000001,1972.7692573997494,0.0,-0.0,-0.0,-730.7692573997497,2160.0,90.0,0.0,{},"{'6': 470.0, '18': 423.0, '30': 423.0}",2900.0,0.68,0.955,23.82812127949399,469.26800000000014,[],[]
14,2080.4,1120.0,1120.0,0.0,960.4000000000002,1883.0004107326483,0.0,-0.0,-0.0,-595.000410732648,2160.0,90.0,0.0,{},"{'6': 400.0, '18': 360.0, '30': 360.0}",2900.0,0.68,0.955,24.099337899519952,653.0720000000002,[],[]
15,2191.85,868.0,868.0,0.0,1323.85,1771.3897180109816,-0.0,0.0,0.0,-414.38971801098165,2160.0,90.0,0.0,{},"{'6': 310.0, '18': 279.0, '30': 279.0}",2900.0,0.68,0.955,25.21261445876744,900.218,[],[]
16,2340.45,560.0,560.0,0.0,1780.45,1191.0262093532751,0.0,-0.0,-0.0,257.9737906467248,2160.0,90.0,0.0,{},"{'6': 200.0, '18': 180.0, '30': 180.0}",2900.0,0.92,0.9635730171509924,24.422111136215662,1638.0140000000001,"['SC-06', 'SC-07', 'SC-08']","[{'constraint_id': 'SC-06', 'outage_line': 'L29-30', 'restoration': 'T18-33', 'restoration_type': 'tie_line', 'battery_up_kw': 0.0, 'battery_down_kw': 0.0, 'battery_q_delta_kvar': -0.0, 'grid_up_kw': 0.0, 'demand_response_kw': 0.0}, {'constraint_id': 'SC-07', 'outage_line': 'L3-4', 'restoration': 'T8-21', 'restoration_type': 'tie_line', 'battery_up_kw': 0.0, 'battery_down_kw': 0.0, 'battery_q_delta_kvar': 1.1368683772161603e-13, 'grid_up_kw': 0.0, 'demand_response_kw': 0.0}, {'constraint_id': 'SC-08', 'outage_line': 'L4-5', 'restoration': 'T8-21', 'restoration_type': 'tie_line', 'battery_up_kw': 0.0, 'battery_down_kw': 0.0, 'battery_q_delta_kvar': 2.2737367544323206e-13, 'grid_up_kw': 0.0, 'demand_response_kw': 0.0}]"
17,2526.2000000000003,252.0,252.0,0.0,2274.2000000000003,912.8800277764826,0.0,0.0,0.0,651.1199722235176,2160.0,90.0,0.0,{},"{'6': 90.0, '18': 81.0, '30': 81.0}",2900.0,1.18,0.9569422058307554,27.939222499559445,2683.556,['SC-09'],"[{'constraint_id': 'SC-09', 'outage_line': 'L2-3', 'restoration': 'T8-21', 'restoration_type': 'tie_line', 'battery_up_kw': 0.0, 'battery_down_kw': 0.0, 'battery_q_delta_kvar': -0.0, 'grid_up_kw': 0.0, 'demand_response_kw': 0.0}]"
18,2674.7999999999997,56.0,56.0,0.0,1726.0714517287813,1648.7285482712189,0.0,892.7285482712189,892.7285482712189,7.27145172878113,1220.2857386618748,50.84523911091145,0.0,{},"{'6': 20.0, '18': 18.0, '30': 18.0}",2900.0,1.18,0.9564917161237991,27.214022487285323,2085.864383194879,['SC-01'],"[{'constraint_id': 'SC-01', 'outage_line': 'L2-3', 'restoration': 'T8-21', 'restoration_type': 'tie_line', 'battery_up_kw': 0.0, 'battery_down_kw': 7.271451728782267, 'battery_q_delta_kvar': -21.814355186344486, 'grid_up_kw': 0.0, 'demand_response_kw': 7.271451728781869}]"
19,2600.5,0.0,0.0,0.0,1992.4024976187434,1318.0975023812566,0.0,608.0975023812567,608.0975023812567,291.90249761874327,580.1831045763414,24.174296024014225,0.0,{},"{'6': 0.0, '18': 0.0, '30': 0.0}",2900.0,1.18,0.9555652254186346,27.23651054350017,2384.4803098210864,['SC-05'],"[{'constraint_id': 'SC-05', 'outage_line': 'L2-3', 'restoration': 'T8-21', 'restoration_type': 'tie_line', 'battery_up_kw': 0.0, 'battery_down_kw': 6.3360561335754255, 'battery_q_delta_kvar': -19.008168400725822, 'grid_up_kw': 0.0, 'demand_response_kw': 6.336056133575312}]"
20,2451.9,0.0,0.0,0.0,2451.9000000000015,702.2276522805818,0.0,-1.1368683772161603e-12,-1.1368683772161603e-12,815.7723477194186,580.1831045763427,24.17429602401428,0.0,{},"{'6': 0.0, '18': 0.0, '30': 0.0}",2900.0,1.18,0.955,29.0781808013865,2893.2420000000016,[],[]
21,2154.7,0.0,0.0,0.0,2400.8240917162775,680.1240917162792,246.12409171627755,0.0,-246.12409171627755,653.8759082837208,814.0009917068063,33.916707987783596,0.0,{},"{'6': 0.0, '18': 0.0, '30': 0.0}",2900.0,0.92,0.9565520846866344,28.449101004547625,2222.2949894233707,"['SC-03', 'SC-04']","[{'constraint_id': 'SC-03', 'outage_line': 'L3-4', 'restoration': 'T25-29', 'restoration_type': 'tie_line', 'battery_up_kw': 0.0, 'battery_down_kw': 0.0, 'battery_q_delta_kvar': -0.0, 'grid_up_kw': 0.0, 'demand_response_kw': 0.0}, {'constraint_id': 'SC-04', 'outage_line': 'L4-5', 'restoration': 'T25-29', 'restoration_type': 'tie_line', 'battery_up_kw': 0.0, 'battery_down_kw': 0.0, 'battery_q_delta_kvar': -1.1368683772161603e-13, 'grid_up_kw': 0.0, 'demand_response_kw': 0.0}]"
22,1820.35,0.0,0.0,0.0,1991.4456288992556,398.0956288992555,171.09562889925573,0.0,-171.09562889925573,728.9043711007444,976.5418391610992,40.68924329837913,0.0,{},"{'6': 0.0, '18': 0.0, '30': 0.0}",2900.0,0.52,0.9655171012413235,23.153821763272184,1044.961986617072,"['SC-02', 'SC-11', 'SC-12']","[{'constraint_id': 'SC-02', 'outage_line': 'L29-30', 'restoration': 'T18-33', 'restoration_type': 'tie_line', 'battery_up_kw': 0.0, 'battery_down_kw': 0.0, 'battery_q_delta_kvar': 2.2737367544323206e-13, 'grid_up_kw': 0.0, 'demand_response_kw': 0.0}, {'constraint_id': 'SC-11', 'outage_line': 'L3-4', 'restoration': 'T8-21', 'restoration_type': 'tie_line', 'battery_up_kw': -2.2737367544323206e-13, 'battery_down_kw': 0.0, 'battery_q_delta_kvar': 1.1368683772161603e-13, 'grid_up_kw': 0.0, 'demand_response_kw': 0.0}, {'constraint_id': 'SC-12', 'outage_line': 'L4-5', 'restoration': 'T8-21', 'restoration_type': 'tie_line', 'battery_up_kw': 0.0, 'battery_down_kw': 0.0, 'battery_q_delta_kvar': -0.0, 'grid_up_kw': 0.0, 'demand_response_kw': 0.0}]"
23,1560.3,0.0,0.0,0.0,2048.150695619896,553.8506956198971,487.8506956198956,0.0,-487.8506956198956,412.1493043801027,1440.0,60.0,0.0,{},"{'6': 0.0, '18': 0.0, '30': 0.0}",2900.0,0.36,0.955,24.1898175804542,764.1660386822568,[],[]
